date,killed total,killed female,killed male,killed undefined,injured,displaced,damaged housing units,,
7-Oct-2023,275,6,269,0,,,,,
8-Oct-2023,451,64,387,0,,,,,
9-Oct-2023,681,145,536,0,,,,,
10-Oct-2023,927,234,693,0,,,,,
11-Oct-2023,1206,355,851,0,,,,,
12-Oct-2023,1605,506,1064,35,,,,,
13-Oct-2023,1929,636,1248,45,,,,,
14-Oct-2023,2288,792,1451,45,,,,,
15-Oct-2023,2558,924,1589,45,,,,,
16-Oct-2023,2813,1052,1716,45,,,,,
17-Oct-2023,3416,1239,1945,232,,,,,
18-Oct-2023,3854,1429,2193,232,,,,,
19-Oct-2023,4273,1626,2415,232,,,,,
20-Oct-2023,4584,1780,2572,232,,,,,
21-Oct-2023,4921,1934,2755,232,,,,,
22-Oct-2023,5338,2135,2971,232,,,,,
23-Oct-2023,5852,2364,3256,232,,1500000,,,
24-Oct-2023,6547,2626,3578,343,,1500000,,,
25-Oct-2023,7028,2852,3802,374,,1500000,,,
26-Oct-2023,7331,2992,3965,374,,1500000,,,
27-Oct-2023,7715,3175,4166,374,,1500000,,,
28-Oct-2023,8022,3338,4310,374,,1500000,,,
29-Oct-2023,8324,3471,4479,374,,1500000,,,
30-Oct-2023,8548,3565,4609,374,,1500000,,,
31-Oct-2023,8832,3687,4771,374,,1500000,,8832.00,
1-Nov-2023,9085,3809,4902,374,,1500000,,,
2-Nov-2023,9279,3893,5012,374,,1500000,,,
3-Nov-2023,9489,3946,5060,483,,1500000,,,
4-Nov-2023,9771,3997,5106,668,,1500000,,,
5-Nov-2023,10024,4051,5164,809,,1500000,,,
6-Nov-2023,10330,4132,5237,961,,1500000,,,
7-Nov-2023,10576,4202,5324,1050,,1500000,,,
8-Nov-2023,10825,4224,5345,1256,,1500000,,,
9-Nov-2023,11085,4286,5404,1395,,1500000,,,
10-Nov-2023,11131,4298,5438,1395,,1500000,,,
11-Nov-2023,11189,4322,5472,1395,,1500000,,,
12-Nov-2023,11269,4361,5513,1395,,1500000,,,
13-Nov-2023,11309,4378,5536,1395,,1500000,,,
14-Nov-2023,11381,4410,5576,1395,,1650000,,,
15-Nov-2023,11507,4439,5605,1463,,1650000,,,
16-Nov-2023,11572,4466,5643,1463,,1650000,,,
17-Nov-2023,12007,4511,5684,1812,,1650000,,,
18-Nov-2023,12307,4567,5755,1985,,1650000,,,
19-Nov-2023,13007,4619,5801,2587,,1650000,,,
20-Nov-2023,13307,4656,5862,2789,,1650000,,,
21-Nov-2023,14136,4706,5918,3512,,1650000,,,
22-Nov-2023,14539,4766,5973,3800,,1650000,,,
23-Nov-2023,14861,4823,6055,3983,,1650000,,,
24-Nov-2023,14930,4848,6099,3983,,1650000,,,
25-Nov-2023,14938,4849,6106,3983,,1650000,,,
26-Nov-2023,14980,4866,6131,3983,,1650000,,,
27-Nov-2023,15007,4872,6142,3993,,1650000,,,
28-Nov-2023,15015,4877,6145,3993,,1650000,,,
29-Nov-2023,15039,4888,6158,3993,,1650000,,,
30-Nov-2023,15042,4890,6159,3993,,1650000,,6210.00,
1-Dec-2023,15088,4902,6193,3993,,1650000,,,
2-Dec-2023,15218,4902,6196,4120,,1650000,,,
3-Dec-2023,15534,4902,6196,4436,,1650000,,,
4-Dec-2023,15910,4903,6199,4808,,1650000,,,
5-Dec-2023,16259,4903,6199,5157,,1650000,,,
6-Dec-2023,17188,4903,6199,6086,,1650000,,,
7-Dec-2023,17501,4903,6200,6398,,1650000,,,
8-Dec-2023,17711,4903,6201,6607,,1650000,,,
9-Dec-2023,18008,4904,6201,6903,,1650000,,,
10-Dec-2023,18216,4905,6202,7109,,1650000,,,
11-Dec-2023,18423,4906,6202,7315,,1650000,,,
12-Dec-2023,18619,4906,6202,7511,,1650000,,,
13-Dec-2023,18796,4907,6204,7685,,1650000,,,
14-Dec-2023,18797,4907,6205,7685,,1650000,,,
15-Dec-2023,18799,4907,6207,7685,,1650000,,,
16-Dec-2023,18801,4907,6209,7685,,1650000,,,
17-Dec-2023,18803,4909,6209,7685,,1650000,,,
18-Dec-2023,19461,4909,6210,8342,,1650000,,,
19-Dec-2023,19676,4909,6212,8555,,1650000,,,
20-Dec-2023,19676,4909,6212,8555,,1650000,,,
21-Dec-2023,20065,4909,6213,8943,,1650000,,,
22-Dec-2023,20265,4909,6214,9142,,1650000,,,
23-Dec-2023,20430,4909,6216,9305,,1900000,,,
24-Dec-2023,20682,4909,6218,9555,,1900000,,,
25-Dec-2023,20923,4909,6218,9796,,1900000,,,
26-Dec-2023,21118,4909,6218,9991,,1900000,,,
27-Dec-2023,21326,4909,6218,10199,,1900000,,,
28-Dec-2023,21515,4909,6220,10386,,1900000,,,
29-Dec-2023,21682,4909,6222,10551,,1900000,,,
30-Dec-2023,21830,4910,6222,10698,,1900000,,,
31-Dec-2023,21986,4910,6222,10854,,1900000,,6944.00,
1-Jan-2024,22193,4910,6222,11061,,1900000,,,
2-Jan-2024,22319,4910,6222,11187,,1900000,,,
3-Jan-2024,22444,4910,6222,11312,,1900000,,,
4-Jan-2024,22606,4910,6222,11474,,1900000,,,
5-Jan-2024,22728,4910,6223,11595,,1900000,,,
6-Jan-2024,22839,4910,6223,11706,,1900000,,,
7-Jan-2024,23090,4910,6226,11954,,1900000,,,
8-Jan-2024,23218,4910,6228,12080,,1900000,,,
9-Jan-2024,23364,4911,6228,12225,,1900000,,,
10-Jan-2024,23476,4911,6231,12334,,1900000,,,
11-Jan-2024,23716,4911,6232,12573,,1900000,,,
12-Jan-2024,23849,4911,6232,12706,,1900000,,,
13-Jan-2024,23974,4911,6232,12831,,1900000,,,
14-Jan-2024,24107,4911,6233,12963,,1900000,,,
15-Jan-2024,24292,4911,6233,13148,,1900000,,,
16-Jan-2024,24455,4911,6233,13311,,1900000,,,
17-Jan-2024,24625,4911,6233,13481,,1900000,,,
18-Jan-2024,24768,4911,6234,13623,,1900000,,,
19-Jan-2024,24932,4911,6234,13787,,1900000,,,
20-Jan-2024,25110,4911,6234,13965,,1900000,,,
21-Jan-2024,25300,4911,6234,14155,,1900000,,,
22-Jan-2024,25495,4911,6235,14349,,1900000,,,
23-Jan-2024,25705,4911,6235,14559,,1900000,,,
24-Jan-2024,25905,4911,6235,14759,,1900000,,,
25-Jan-2024,26088,4911,6235,14942,,1900000,,,
26-Jan-2024,26261,4911,6235,15115,,1900000,,,
27-Jan-2024,26425,4911,6236,15278,,1900000,,,
28-Jan-2024,26641,4911,6237,15493,,1900000,,,
29-Jan-2024,26756,4911,6238,15607,,1900000,,,
30-Jan-2024,26906,4911,6238,15757,,1900000,,,
31-Jan-2024,27025,4911,6238,15876,,1900000,,5039.00,
1-Feb-2024,27136,4911,6238,15987,,1900000,,,
2-Feb-2024,27243,4911,6238,16094,,1900000,,,
3-Feb-2024,27371,4911,6238,16222,,1900000,,,
4-Feb-2024,27484,4911,6238,16335,,1900000,,,
5-Feb-2024,27591,4911,6238,16442,,1900000,,,
6-Feb-2024,27592,4911,6239,16442,66452,2000000,69200,,
7-Feb-2024,27840,4911,6241,16688,66452,2000000,69200,,
8-Feb-2024,27840,4911,6241,16688,66452,2000000,69200,,
9-Feb-2024,27840,4911,6241,16688,66452,2000000,69200,,
10-Feb-2024,27841,4912,6241,16688,66452,2000000,69200,,
11-Feb-2024,27841,4912,6241,16688,66452,2000000,69200,,
12-Feb-2024,27841,4912,6241,16688,67317,2000000,69200,,
13-Feb-2024,27843,4912,6243,16688,67984,2000000,79200,,
14-Feb-2024,27843,4912,6243,16688,67984,2000000,79200,,
15-Feb-2024,28576,4912,6243,17421,67984,2000000,79200,,
16-Feb-2024,28576,4912,6243,17421,67984,2000000,79200,,
17-Feb-2024,28859,4914,6248,17697,67984,2000000,79200,,
18-Feb-2024,28859,4914,6248,17697,67984,2000000,79200,,
19-Feb-2024,28859,4914,6248,17697,67984,2000000,79200,,
20-Feb-2024,28859,4914,6248,17697,67984,2000000,79200,,
21-Feb-2024,29195,4914,6248,18033,69170,2000000,79200,,
22-Feb-2024,29410,,,,69465,2000000,79200,,
23-Feb-2024,29410,,,,69465,2000000,79200,,
24-Feb-2024,29606,4916,6268,18422,69465,2000000,79200,,
25-Feb-2024,29606,4916,6268,18422,69465,2000000,79200,,
26-Feb-2024,29607,4917,6268,18422,69465,2000000,79200,,
27-Feb-2024,29607,4917,6268,18422,69465,2000000,79200,,
28-Feb-2024,29954,,,,70325,2000000,79200,,
29-Feb-2024,29954,,,,70325,2000000,79200,2929.00,
1-Mar-2024,29954,,,,70325,2000000,79200,,
2-Mar-2024,30410,4917,6269,19224,70325,2000000,79200,,
3-Mar-2024,30410,4917,6269,19224,70325,2000000,79200,,
4-Mar-2024,30535,4917,6270,19348,70325,2000000,79200,,
5-Mar-2024,30536,4917,6271,19348,70325,2000000,79200,,
6-Mar-2024,30536,4917,6271,19348,70325,2000000,79200,,
7-Mar-2024,30717,,,,72156,2000000,79200,,
8-Mar-2024,30878,4917,6271,19690,72156,2000000,79200,,
9-Mar-2024,30878,4917,6271,19690,72156,2000000,79200,,
10-Mar-2024,30960,,,,72524,2000000,79200,,
11-Mar-2024,31112,4920,6284,19908,72524,2000000,79200,,
12-Mar-2024,31112,4920,6284,19908,72524,2000000,79200,,
13-Mar-2024,31112,4920,6284,19908,72524,2000000,79200,,
14-Mar-2024,31272,,,,73024,2000000,79200,,
15-Mar-2024,31341,,,,73134,2000000,79200,,
16-Mar-2024,31490,,,,73439,2000000,79200,,
17-Mar-2024,31553,,,,73546,2000000,79200,,
18-Mar-2024,31645,,,,73676,2000000,79200,,
19-Mar-2024,31726,,,,73792,2000000,79200,,
20-Mar-2024,31819,,,,73934,2000000,79200,,
21-Mar-2024,31923,,,,74096,2000000,79200,,
22-Mar-2024,31988,,,,74188,2000000,79200,,
23-Mar-2024,32142,,,,74412,2000000,79200,,
24-Mar-2024,32226,,,,74518,2000000,79200,,
25-Mar-2024,32333,,,,74694,2000000,79200,,
26-Mar-2024,32414,,,,74787,2000000,79200,,
27-Mar-2024,32490,,,,74889,2000000,79200,,
28-Mar-2024,32623,,,,75092,2000000,79200,,
29-Mar-2024,32623,,,,75092,2000000,79200,,
30-Mar-2024,32705,,,,75190,2000000,79200,,
31-Mar-2024,32782,,,,75298,2000000,79200,2828.00,
1-Apr-2024,32845,,,,75392,2000000,79200,,
2-Apr-2024,32916,,,,75494,2000000,79200,,
3-Apr-2024,32975,,,,75577,2000000,79200,,
4-Apr-2024,33037,,,,75668,2000000,79200,,
5-Apr-2024,33091,,,,75750,2000000,79200,,
6-Apr-2024,33137,,,,75851,2000000,79200,,
7-Apr-2024,33175,,,,75886,2000000,79200,,
8-Apr-2024,33207,,,,75933,2000000,79200,,
9-Apr-2024,33360,,,,75993,2000000,79200,,
10-Apr-2024,33482,,,,76049,2000000,79200,,
11-Apr-2024,33545,,,,76049,2000000,79200,,
12-Apr-2024,33634,,,,76214,2000000,79200,,
13-Apr-2024,33686,,,,76309,2000000,79200,,
15-Apr-2024,33797,,,,76465,2000000,79200,,
16-Apr-2024,33843,,,,76575,2000000,79200,,
17-Apr-2024,33899,,,,76664,2000000,79200,,
18-Apr-2024,33970,,,,76770,2000000,79200,,
19-Apr-2024,34012,,,,76833,2000000,79200,,
20-Apr-2024,34049,,,,76901,2000000,79200,,
21-Apr-2024,34097,,,,76980,2000000,79200,,
22-Apr-2024,34151,,,,77084,2000000,79200,,
23-Apr-2024,34183,,,,77143,2000000,86000,,
24-Apr-2024,34262,,,,77229,2000000,86000,,
25-Apr-2024,34305,,,,77293,2000000,86000,,
26-Apr-2024,34356,,,,77368,2000000,86000,,
27-Apr-2024,34388,,,,77437,2000000,86000,,
28-Apr-2024,34454,,,,77575,2000000,86000,,
29-Apr-2024,34488,,,,77643,2000000,86000,,
30-Apr-2024,34535,,,,77704,2000000,86000,1753.00,
1-May-2024,34568,,,,77765,2000000,86000,,
2-May-2024,34596,,,,77816,2000000,86000,,
3-May-2024,34596,,,,77816,2000000,86000,,
4-May-2024,34654,,,,77908,2000000,86000,,
5-May-2024,34683,,,,78018,2000000,86000,,
6-May-2024,34735,,,,78108,2000000,86000,,
7-May-2024,34789,,,,78204,2000000,86000,,
8-May-2024,34844,,,,78404,2000000,86000,,
9-May-2024,34844,,,,78404,2000000,86000,,
10-May-2024,34844,,,,78404,2000000,86000,,
11-May-2024,34971,,,,78641,2000000,86000,,
12-May-2024,35034,,,,78755,2000000,86000,,
13-May-2024,35091,,,,78827,2000000,86000,,
14-May-2024,35173,,,,79061,2000000,86000,,
15-May-2024,35233,,,,79141,2000000,86000,,
16-May-2024,35233,,,,79141,2000000,86000,,
17-May-2024,35233,,,,79141,2000000,86000,,
18-May-2024,35272,,,,79205,2000000,86000,,
19-May-2024,35456,,,,79476,2000000,86000,,
20-May-2024,35562,,,,79652,2000000,86000,,
21-May-2024,35647,,,,79852,2000000,86000,,
22-May-2024,35709,,,,79990,2000000,86000,,
23-May-2024,35800,,,,80200,2000000,86000,,
24-May-2024,35857,,,,80293,2000000,86000,,
25-May-2024,35903,,,,80420,2000000,86000,,
26-May-2024,35984,,,,80643,2000000,86000,,
27-May-2024,36050,,,,81026,2000000,86000,,
28-May-2024,36096,,,,81136,2000000,86000,,
29-May-2024,36171,,,,81420,2000000,86000,,
30-May-2024,36224,,,,81777,2000000,86000,,
31-May-2024,36284,,,,82057,2000000,86000,1749.00,
1-Jun-2024,36379,,,,82407,2000000,86000,,
2-Jun-2024,36439,,,,82627,2000000,86000,,
3-Jun-2024,36479,,,,82777,2000000,86000,,
4-Jun-2024,36550,,,,82959,2000000,86000,,
5-Jun-2024,36586,,,,83074,2000000,86000,,
6-Jun-2024,36654,,,,83309,2000000,86000,,
7-Jun-2024,36731,,,,83530,2000000,86000,,
8-Jun-2024,36801,,,,83680,2000000,86000,,
9-Jun-2024,37084,,,,84494,2000000,86000,,
10-Jun-2024,37124,,,,84712,2000000,86000,,
11-Jun-2024,37124,,,,84712,2000000,86000,,
12-Jun-2024,37202,,,,84932,2000000,86000,,
13-Jun-2024,37202,,,,84932,2000000,86000,,
14-Jun-2024,37202,,,,84932,2000000,86000,,
15-Jun-2024,37296,,,,85197,2000000,86000,,
16-Jun-2024,37337,,,,85299,2000000,86000,,
17-Jun-2024,37347,,,,85372,2000000,86000,,
18-Jun-2024,37372,,,,85452,2000000,86000,,
19-Jun-2024,37396,,,,85523,2000000,86000,,
20-Jun-2024,37431,,,,85653,2000000,86000,,
21-Jun-2024,37431,,,,85742,2000000,86000,,
22-Jun-2024,37551,,,,85911,2000000,86000,,
23-Jun-2024,37598,,,,86032,2000000,86000,,
24-Jun-2024,37598,,,,86032,2000000,86000,,
25-Jun-2024,37598,,,,86032,2000000,86000,,
26-Jun-2024,37718,,,,86377,2000000,86000,,
27-Jun-2024,37765,,,,86429,2000000,86000,,
28-Jun-2024,37794,,,,86634,2000000,86000,,
29-Jun-2024,37834,,,,86858,2000000,86000,,
30-Jun-2024,37877,,,,86969,2000000,86000,1593.00,
1-Jul-2024,37900,,,,87060,2000000,86000,,
2-Jul-2024,37925,,,,87141,2000000,86000,,
3-Jul-2024,37953,,,,87266,2000000,86000,,
4-Jul-2024,38011,,,,87445,2000000,86000,,
5-Jul-2024,38069,,,,87605,2000000,86000,,
6-Jul-2024,38098,,,,87705,2000000,86000,,
7-Jul-2024,38153,,,,87828,2000000,87000,,
8-Jul-2024,38193,,,,87903,2000000,87000,,
9-Jul-2024,38243,,,,88033,2000000,87000,,
10-Jul-2024,38295,,,,88241,2000000,87000,,
11-Jul-2024,38345,,,,88295,2000000,87000,,
12-Jul-2024,38382,,,,88352,2000000,87000,,
13-Jul-2024,38443,,,,88481,2000000,87000,,
14-Jul-2024,38584,,,,88881,2000000,87000,,
15-Jul-2024,38664,,,,89097,2000000,87000,,
16-Jul-2024,38713,,,,89166,2000000,87000,,
17-Jul-2024,38794,,,,89364,2000000,87000,,
18-Jul-2024,38848,,,,89459,2000000,87000,,
19-Jul-2024,38882,,,,89568,2000000,87000,,
20-Jul-2024,38919,,,,89622,2000000,87000,,
21-Jul-2024,38983,,,,89727,2000000,87000,,
22-Jul-2024,39000,,,,89818,2000000,87000,,
23-Jul-2024,39090,,,,90147,2000000,87000,,
24-Jul-2024,39145,,,,90257,2000000,87000,,
25-Jul-2024,39175,,,,90403,2000000,87000,,
26-Jul-2024,39175,,,,90403,2000000,87000,,
27-Jul-2024,39258,,,,90589,2000000,87000,,
28-Jul-2024,39324,,,,90830,2000000,87000,,
29-Jul-2024,39363,,,,90923,2000000,87000,,
30-Jul-2024,39400,,,,90996,2000000,87000,,
31-Jul-2024,39445,,,,91073,2000000,87000,1568.00,
1-Aug-2024,39480,,,,91128,2000000,87000,,
2-Aug-2024,39519,,,,91218,2000000,87000,,
3-Aug-2024,39550,,,,91280,2000000,87000,,
4-Aug-2024,39583,,,,91398,2000000,87000,,
5-Aug-2024,39623,,,,91469,2000000,87000,,
6-Aug-2024,39653,,,,91535,2000000,87000,,
7-Aug-2024,39677,,,,91645,2000000,87000,,
8-Aug-2024,39699,,,,91722,2000000,87000,,
9-Aug-2024,39750,,,,91862,2000000,87000,,
10-Aug-2024,39790,,,,92002,2000000,87000,,
11-Aug-2024,39790,,,,92002,2000000,87000,,
12-Aug-2024,39897,,,,92152,2000000,87000,,
13-Aug-2024,39897,,,,92152,2000000,87000,,
14-Aug-2024,39965,,,,92294,2000000,87000,,
15-Aug-2024,40005,,,,92401,2000000,87000,,
16-Aug-2024,40005,,,,92401,2000000,87000,,
17-Aug-2024,40074,,,,92537,2000000,87000,,
18-Aug-2024,40074,,,,92537,2000000,87000,,
19-Aug-2024,40139,,,,92743,2000000,87000,,
20-Aug-2024,40173,,,,92857,2000000,87000,,
21-Aug-2024,40223,,,,92981,2000000,87000,,
22-Aug-2024,40265,,,,93144,2000000,87000,,
23-Aug-2024,40265,,,,93144,2000000,87000,,
24-Aug-2024,40334,,,,93356,2000000,87000,,
25-Aug-2024,40334,,,,93356,2000000,87000,,
26-Aug-2024,40435,,,,93534,2000000,87000,,
27-Aug-2024,40476,,,,93647,2000000,87000,,
28-Aug-2024,40534,,,,93778,2000000,87000,,
29-Aug-2024,40602,,,,93855,2000000,87000,,
30-Aug-2024,40602,,,,93855,2000000,87000,,
31-Aug-2024,40691,,,,94060,2000000,87000,1246.00,
1-Sep-2024,40738,,,,94154,2000000,87000,,
2-Sep-2024,40738,,,,94154,2000000,87000,,
3-Sep-2024,40819,,,,94291,2000000,87000,,
4-Sep-2024,40861,,,,94398,2000000,87000,,
5-Sep-2024,40878,,,,94454,2000000,87000,,
6-Sep-2024,40878,,,,94454,2000000,87000,,
7-Sep-2024,40939,,,,94616,2000000,87000,,
8-Sep-2024,40972,,,,94761,2000000,87000,,
9-Sep-2024,40988,,,,94825,2000000,87000,,
10-Sep-2024,41020,,,,94925,2000000,87000,,
11-Sep-2024,41084,,,,95029,2000000,87000,,
12-Sep-2024,41821,,,,95125,2000000,87000,,
13-Sep-2024,41821,,,,95125,2000000,87000,,
14-Sep-2024,41821,,,,95125,2000000,87000,,
15-Sep-2024,41206,,,,95337,2000000,87000,,
16-Sep-2024,41226,,,,95413,2000000,87000,,
17-Sep-2024,41252,,,,95497,2000000,87000,,
18-Sep-2024,41272,,,,95551,2000000,87000,,
19-Sep-2024,41293,,,,95551,2000000,87000,,
20-Sep-2024,41293,,,,95551,2000000,87000,,
21-Sep-2024,41391,,,,95760,2000000,87000,,
22-Sep-2024,41431,,,,95818,2000000,87000,,
23-Sep-2024,41455,,,,95878,2000000,87000,,
24-Sep-2024,41467,,,,95921,2000000,87000,,
25-Sep-2024,41495,,,,96006,2000000,87000,,
26-Sep-2024,41534,,,,96092,2000000,87000,,
27-Sep-2024,41534,,,,96092,2000000,87000,,
28-Sep-2024,41586,,,,96210,2000000,87000,,
29-Sep-2024,41595,,,,96251,2000000,87000,,
30-Sep-2024,41615,,,,96359,2000000,87000,924.00,
1-Oct-2024,41638,,,,96460,2000000,87000,,
2-Oct-2024,41689,,,,96625,2000000,87000,,
3-Oct-2024,41788,,,,96794,2000000,87000,,
4-Oct-2024,41802,,,,96844,2000000,87000,,
5-Oct-2024,41825,,,,96910,2000000,87000,,
6-Oct-2024,41870,,,,97166,2000000,87000,,
7-Oct-2024,41909,,,,97303,2000000,87000,,
8-Oct-2024,41965,,,,97590,2000000,87000,,
9-Oct-2024,42010,,,,97720,2000000,87000,,
10-Oct-2024,42065,,,,97886,2000000,87000,,
11-Oct-2024,42065,,,,97886,2000000,87000,,
12-Oct-2024,42175,,,,98336,2000000,87000,,
13-Oct-2024,42227,,,,98464,2000000,87000,,
14-Oct-2024,42289,,,,98684,2000000,87000,,
15-Oct-2024,42344,,,,99013,2000000,87000,,
16-Oct-2024,42409,,,,99153,2000000,87000,,
17-Oct-2024,42438,,,,99246,2000000,87000,,
18-Oct-2024,42500,,,,99546,2000000,87000,,
19-Oct-2024,42519,,,,99637,2000000,87000,,
20-Oct-2024,42603,,,,99795,2000000,87000,,
21-Oct-2024,42603,,,,99795,2000000,87000,,
22-Oct-2024,42718,,,,100282,2000000,87000,,
23-Oct-2024,42792,,,,100412,2000000,87000,,
24-Oct-2024,42847,,,,100544,2000000,87000,,
25-Oct-2024,42847,,,,100544,2000000,87000,,
26-Oct-2024,42924,,,,100833,2000000,87000,,
27-Oct-2024,42924,,,,100833,2000000,87000,,
28-Oct-2024,43020,,,,101110,2000000,87000,,
29-Oct-2024,43061,,,,101223,2000000,87000,,
30-Oct-2024,43163,,,,101510,2000000,87000,,
31-Oct-2024,43204,,,,101641,2000000,87000,1589.00,
1-Nov-2024,43259,,,,101827,2000000,87000,,
2-Nov-2024,43314,,,,102019,2000000,87000,,
3-Nov-2024,43341,,,,102105,2000000,87000,,
4-Nov-2024,43374,,,,102261,2000000,87000,,
5-Nov-2024,43374,,,,102261,2000000,87000,,
6-Nov-2024,43374,,,,102261,2000000,87000,,
7-Nov-2024,43469,,,,102561,2000000,87000,,
8-Nov-2024,43469,,,,102561,2000000,87000,,
9-Nov-2024,43552,,,,102765,2000000,87000,,
10-Nov-2024,43603,,,,102929,2000000,87000,,
11-Nov-2024,43603,,,,102929,2000000,87000,,
12-Nov-2024,43603,,,,102929,2000000,87000,,
13-Nov-2024,43712,,,,103258,2000000,87000,,
14-Nov-2024,43736,,,,103370,2000000,87000,,
15-Nov-2024,43764,,,,103490,2000000,87000,,
16-Nov-2024,43799,,,,103601,2000000,87000,,
17-Nov-2024,43846,,,,103740,2000000,87000,,
18-Nov-2024,43922,,,,103898,2000000,87000,,
19-Nov-2024,43972,,,,104008,2000000,87000,,
20-Nov-2024,43985,,,,104092,2000000,87000,,
21-Nov-2024,44056,,,,104268,2000000,87000,,
22-Nov-2024,44056,,,,104268,2000000,87000,,
23-Nov-2024,44176,,,,104473,2000000,87000,,
24-Nov-2024,44211,,,,104567,2000000,87000,,
25-Nov-2024,44235,,,,104638,2000000,87000,,
26-Nov-2024,44249,,,,104746,2000000,87000,,
27-Nov-2024,44282,,,,104880,2000000,87000,,
28-Nov-2024,44330,,,,104933,2000000,87000,,
29-Nov-2024,44363,,,,105070,2000000,87000,,
30-Nov-2024,44382,,,,105142,2000000,87000,1178.00,
1-Dec-2024,44429,,,,105250,2000000,87000,,
2-Dec-2024,44466,,,,105358,2000000,87000,,
3-Dec-2024,44502,,,,105454,2000000,87000,,
4-Dec-2024,44532,,,,105538,2000000,87000,,
5-Dec-2024,44580,,,,105739,2000000,87000,,
6-Dec-2024,44612,,,,105834,2000000,87000,,
7-Dec-2024,44664,,,,105976,2000000,87000,,
8-Dec-2024,44708,,,,106050,2000000,87000,,
9-Dec-2024,44758,,,,106134,2000000,87000,,
10-Dec-2024,44786,,,,106188,2000000,87000,,
11-Dec-2024,44805,,,,106257,2000000,87000,,
12-Dec-2024,44835,,,,106356,2000000,87000,,
13-Dec-2024,44875,,,,106454,2000000,87000,,
14-Dec-2024,44930,,,,106624,2000000,87000,,
15-Dec-2024,44976,,,,106759,2000000,87000,,
16-Dec-2024,45028,,,,106962,2000000,87000,,
17-Dec-2024,45059,,,,107041,2000000,87000,,
18-Dec-2024,45097,,,,107244,2000000,87000,,
19-Dec-2024,45097,,,,107244,2000000,87000,,
20-Dec-2024,45206,,,,107512,2000000,87000,,
21-Dec-2024,45227,,,,107573,2000000,87000,,
22-Dec-2024,45227,,,,107573,2000000,87000,,
23-Dec-2024,45317,,,,107713,2000000,87000,,
24-Dec-2024,45162,,,,114014,2000000,87000,,
25-Dec-2024,45162,,,,114014,2000000,87000,,
26-Dec-2024,45399,,,,107940,2000000,87000,,
27-Dec-2024,45399,,,,107940,2000000,87000,,
28-Dec-2024,45484,,,,108090,2000000,87000,,
29-Dec-2024,45514,,,,108189,2000000,87000,,
30-Dec-2024,45541,,,,108338,2000000,87000,,
31-Dec-2024,45541,,,,108338,2000000,87000,1159.00,
1-Jan-2025,45553,,,,108379,2000000,87000,,
2-Jan-2025,45581,,,,108438,2000000,87000,,
3-Jan-2025,45658,,,,108583,2000000,87000,,
4-Jan-2025,45717,,,,108856,2000000,87000,,
5-Jan-2025,45805,,,,109064,2000000,87000,,
6-Jan-2025,45854,,,,109139,2000000,87000,,
7-Jan-2025,45854,,,,109139,2000000,87000,,
8-Jan-2025,45936,,,,109274,2000000,87000,,
9-Jan-2025,46006,,,,109378,2000000,87000,,
10-Jan-2025,46006,,,,109378,2000000,87000,,
11-Jan-2025,46537,,,,109571,2000000,87000,,
12-Jan-2025,46565,,,,109660,2000000,87000,,
13-Jan-2025,46584,,,,109731,2000000,87000,,
14-Jan-2025,46645,,,,110012,2000000,87000,,
15-Jan-2025,46707,,,,110265,2000000,87000,,
16-Jan-2025,46707,,,,110265,2000000,87000,,
17-Jan-2025,46707,,,,110265,2000000,87000,,
18-Jan-2025,46707,,,,110265,2000000,87000,,
19-Jan-2025,46913,,,,110750,2000000,87000,,
20-Jan-2025,47035,,,,111091,2000000,243600,,
21-Jan-2025,47107,,,,111147,2000000,243600,,
22-Jan-2025,47161,,,,111166,2000000,243600,,
23-Jan-2025,47283,,,,111472,2000000,243600,,
24-Jan-2025,47283,,,,111472,2000000,243600,,
25-Jan-2025,47283,,,,111472,2000000,243600,,
26-Jan-2025,47306,,,,111483,2000000,243600,,
27-Jan-2025,47306,,,,111483,2000000,243600,,
28-Jan-2025,47354,,,,111563,2000000,243600,,
29-Jan-2025,47417,,,,111571,2000000,243600,,
30-Jan-2025,47417,,,,111571,2000000,243600,,
31-Jan-2025,47417,,,,111571,2000000,243600,1876.00,
1-Feb-2025,47487,,,,111588,2000000,243600,,
2-Feb-2025,47487,,,,111588,2000000,243600,,
3-Feb-2025,47518,,,,111612,2000000,243600,,
4-Feb-2025,47518,,,,111612,2000000,243600,,
5-Feb-2025,47518,,,,111612,2000000,243600,,
6-Feb-2025,47518,,,,111612,2000000,243600,,
7-Feb-2025,47518,,,,111612,2000000,243600,,
8-Feb-2025,48181,,,,111638,2000000,243600,,
9-Feb-2025,48181,,,,111638,2000000,243600,,
10-Feb-2025,48181,,,,111638,2000000,243600,,
11-Feb-2025,48219,,,,111665,2000000,243600,,
12-Feb-2025,48219,,,,111665,2000000,243600,,
13-Feb-2025,48219,,,,111665,2000000,243600,,
14-Feb-2025,48219,,,,111665,2000000,243600,,
15-Feb-2025,48264,,,,111688,2000000,243600,,
16-Feb-2025,48271,,,,111693,2000000,243600,,
17-Feb-2025,48284,,,,111709,2000000,243600,,
18-Feb-2025,48284,,,,111709,2000000,243600,,
19-Feb-2025,48297,,,,111733,2000000,243600,,
20-Feb-2025,48297,,,,111733,2000000,243600,,
21-Feb-2025,48297,,,,111733,2000000,243600,,
22-Feb-2025,48329,,,,111753,2000000,243600,,
23-Feb-2025,48329,,,,111753,2000000,243600,,
24-Feb-2025,48346,,,,111759,2000000,243600,,
25-Feb-2025,48346,,,,111759,2000000,243600,,
26-Feb-2025,48346,,,,111759,2000000,243600,,
27-Feb-2025,48346,,,,111759,2000000,243600,,
28-Feb-2025,48346,,,,111759,2000000,243600,929.00,
1-Mar-2025,48388,,,,111803,2000000,243600,,
2-Mar-2025,48388,,,,111803,2000000,243600,,
3-Mar-2025,48397,,,,111824,2000000,243600,,
4-Mar-2025,48405,,,,111835,2000000,243600,,
5-Mar-2025,48405,,,,111835,2000000,243600,,
6-Mar-2025,48405,,,,111835,2000000,243600,,
7-Mar-2025,48405,,,,111835,2000000,243600,,
8-Mar-2025,48405,,,,111835,2000000,243600,,
9-Mar-2025,48458,,,,111897,2000000,243600,,
10-Mar-2025,48458,,,,111897,2000000,243600,,
11-Mar-2025,48458,,,,111897,2000000,243600,,
12-Mar-2025,48458,,,,111897,2000000,243600,,
13-Mar-2025,48458,,,,111897,2000000,243600,,
14-Mar-2025,48458,,,,111897,2000000,243600,,
15-Mar-2025,48543,,,,111981,2000000,243600,,
16-Mar-2025,48543,,,,111981,2000000,243600,,
17-Mar-2025,48577,,,,112041,2000000,243600,,
18-Mar-2025,48981,,,,112603,2000000,243600,,
19-Mar-2025,49547,,,,112719,2000000,243600,,
20-Mar-2025,49547,,,,112719,2000000,243600,,
21-Mar-2025,49547,,,,112719,2000000,243600,,
22-Mar-2025,49747,,,,113213,2000000,243600,,
23-Mar-2025,50021,,,,113274,2000000,243600,,
24-Mar-2025,50021,,,,113274,2000000,243600,,
25-Mar-2025,50144,,,,113704,2000000,243600,1798.00,51090
26-Mar-2025,50144,,,,113704,2000000,243600,,
27-Mar-2025,50144,,,,113704,2000000,243600,,
28-Mar-2025,50144,,,,113704,2000000,243600,,
29-Mar-2025,50144,,,,113704,2000000,243600,,
30-Mar-2025,50144,,,,113704,2000000,243600,,
31-Mar-2025,50144,,,,113704,2000000,243600,,
1-Apr-2025,50144,,,,113704,2000000,243600,,
2-Apr-2025,50144,,,,113704,2000000,243600,,
3-Apr-2025,50144,,,,113704,2000000,243600,,
4-Apr-2025,50144,,,,113704,2000000,243600,,
5-Apr-2025,50669,,,,115225,2000000,243600,,
6-Apr-2025,50752,,,,115475,2000000,243600,,
7-Apr-2025,50752,,,,115475,2000000,243600,,
8-Apr-2025,50752,,,,115475,2000000,243600,,
9-Apr-2025,50752,,,,115475,2000000,243600,,
10-Apr-2025,50886,,,,115875,2000000,243600,,
11-Apr-2025,50886,,,,115875,2000000,243600,,
12-Apr-2025,50886,,,,115875,2000000,243600,,
13-Apr-2025,50944,,,,116156,2000000,243600,,
14-Apr-2025,50944,,,,116156,2000000,243600,,
15-Apr-2025,51000,,,,116343,2000000,243600,,
16-Apr-2025,51000,,,,116343,2000000,243600,,
17-Apr-2025,51000,,,,116343,2000000,243600,,
18-Apr-2025,51000,,,,116343,2000000,243600,,
19-Apr-2025,51000,,,,116343,2000000,243600,,
20-Apr-2025,51201,,,,116869,2000000,243600,,
21-Apr-2025,51240,,,,116931,2000000,243600,,
22-Apr-2025,51266,,,,116991,2000000,243600,,
23-Apr-2025,51305,,,,117096,2000000,243600,,
24-Apr-2025,51305,,,,117096,2000000,243600,,
25-Apr-2025,51305,,,,117096,2000000,243600,,
26-Apr-2025,51305,,,,117096,2000000,243600,,
27-Apr-2025,51305,,,,117096,2000000,243600,,
28-Apr-2025,51305,,,,117096,2000000,243600,,
29-Apr-2025,51305,,,,117096,2000000,243600,,
30-Apr-2025,51305,,,,117096,2000000,243600,,
1-May-2025,51305,,,,117096,2000000,243600,,
2-May-2025,51305,,,,117096,2000000,243600,,
3-May-2025,51305,,,,117096,2000000,243600,,
4-May-2025,52535,,,,118491,2000000,243600,,
5-May-2025,52535,,,,118491,2000000,243600,,
6-May-2025,52615,,,,118752,2000000,243600,,
7-May-2025,52615,,,,118752,2000000,243600,,
8-May-2025,52615,,,,118752,2000000,243600,,
9-May-2025,52615,,,,118752,2000000,243600,,
10-May-2025,52810,,,,119473,2000000,243600,,
11-May-2025,52810,,,,119473,2000000,243600,,
12-May-2025,52862,,,,119648,2000000,243600,,
13-May-2025,52908,,,,119721,2000000,243600,,
14-May-2025,52908,,,,119721,2000000,243600,,
15-May-2025,52908,,,,119721,2000000,243600,,
16-May-2025,52908,,,,119721,2000000,243600,,
17-May-2025,53272,,,,120673,2000000,243600,,
18-May-2025,53339,,,,121034,2000000,243600,,
19-May-2025,53339,,,,121034,2000000,243600,,
20-May-2025,53573,,,,121688,2000000,243600,,
21-May-2025,53655,,,,121950,2000000,243600,,
22-May-2025,53655,,,,121950,2000000,243600,,
23-May-2025,53655,,,,121950,2000000,243600,,
24-May-2025,53655,,,,121950,2000000,243600,,
25-May-2025,53939,,,,122797,2000000,243600,,
26-May-2025,53939,,,,122797,2000000,243600,,
27-May-2025,54056,,,,123129,2000000,243600,,
28-May-2025,54056,,,,123129,2000000,243600,,
29-May-2025,54056,,,,123129,2000000,243600,,
30-May-2025,54056,,,,123129,2000000,243600,,
31-May-2025,54381,,,,124054,2000000,243600,,
1-Jun-2025,54418,,,,124190,2000000,243600,,
2-Jun-2025,54470,,,,124693,2000000,243600,,
3-Jun-2025,54470,,,,124693,2000000,243600,,
4-Jun-2025,54470,,,,124693,2000000,243600,,
5-Jun-2025,54470,,,,124693,2000000,243600,,
6-Jun-2025,54470,,,,124693,2000000,243600,,
7-Jun-2025,54470,,,,124693,2000000,243600,,
8-Jun-2025,54470,,,,124693,2000000,243600,,
9-Jun-2025,54927,,,,126615,2000000,243600,,
10-Jun-2025,54927,,,,126615,2000000,243600,,
11-Jun-2025,55104,,,,127394,2000000,243600,,
12-Jun-2025,55104,,,,127394,2000000,243600,,
13-Jun-2025,55104,,,,127394,2000000,243600,,
14-Jun-2025,55297,,,,128426,2000000,243600,,
15-Jun-2025,55297,,,,128426,2000000,243600,,
16-Jun-2025,55432,,,,128923,2000000,243600,,
17-Jun-2025,55432,,,,128923,2000000,243600,,
18-Jun-2025,55432,,,,128923,2000000,243600,,
19-Jun-2025,55432,,,,128923,2000000,243600,,
20-Jun-2025,55432,,,,128923,2000000,243600,,
21-Jun-2025,55908,,,,131138,2000000,243600,,
22-Jun-2025,55959,,,,131242,2000000,243600,,
23-Jun-2025,55998,,,,131559,2000000,243600,,
24-Jun-2025,55998,,,,131559,2000000,243600,,
25-Jun-2025,55998,,,,131559,2000000,243600,,
26-Jun-2025,55998,,,,131559,2000000,243600,,
27-Jun-2025,55998,,,,131559,2000000,243600,,
28-Jun-2025,56412,,,,133054,2000000,243600,,
29-Jun-2025,56500,,,,133419,2000000,243600,,
30-Jun-2025,56531,,,,133642,2000000,243600,,
1-Jul-2025,56531,,,,133642,2000000,243600,,
2-Jul-2025,56531,,,,133642,2000000,243600,,
3-Jul-2025,56531,,,,133642,2000000,243600,,
4-Jul-2025,56531,,,,133642,2000000,243600,,
5-Jul-2025,56531,,,,133642,2000000,243600,,
6-Jul-2025,57418,,,,136261,2000000,243600,,
7-Jul-2025,57418,,,,136261,2000000,243600,,
8-Jul-2025,57418,,,,136261,2000000,243600,,
9-Jul-2025,57680,,,,137409,2000000,243600,,
10-Jul-2025,57680,,,,137409,2000000,243600,,
11-Jul-2025,57680,,,,137409,2000000,243600,,
12-Jul-2025,57882,,,,138095,2000000,243600,,
13-Jul-2025,58026,,,,138520,2000000,243600,,
14-Jul-2025,58026,,,,138520,2000000,243600,,
15-Jul-2025,58026,,,,138520,2000000,243600,,
16-Jul-2025,58026,,,,138520,2000000,243600,,
17-Jul-2025,58026,,,,138520,2000000,243600,,
18-Jul-2025,58026,,,,138520,2000000,243600,,
19-Jul-2025,58765,,,,140485,2000000,243600,,
20-Jul-2025,58765,,,,140485,2000000,243600,,
21-Jul-2025,59029,,,,142135,2000000,243600,,
22-Jul-2025,59029,,,,142135,2000000,243600,,
23-Jul-2025,59219,,,,143045,2000000,243600,,
24-Jul-2025,59219,,,,143045,2000000,243600,,
25-Jul-2025,59219,,,,143045,2000000,243600,,
26-Jul-2025,59733,,,,144477,2000000,243600,,
27-Jul-2025,59733,,,,144477,2000000,243600,,
28-Jul-2025,59921,,,,145233,2000000,243600,,
29-Jul-2025,60034,,,,145870,2000000,243600,,
30-Jul-2025,60034,,,,145870,2000000,243600,,
31-Jul-2025,60034,,,,145870,2000000,243600,,
1-Aug-2025,60034,,,,145870,2000000,243600,,
2-Aug-2025,60430,,,,148722,2000000,243600,,
3-Aug-2025,60430,,,,148722,2000000,243600,,
4-Aug-2025,60933,,,,150027,2000000,243600,,
5-Aug-2025,61020,,,,150671,2000000,243600,,
6-Aug-2025,61020,,,,150671,2000000,243600,,
7-Aug-2025,61020,,,,150671,2000000,243600,,
8-Aug-2025,61020,,,,150671,2000000,243600,,
9-Aug-2025,61369,,,,152850,2000000,243600,,
10-Aug-2025,61430,,,,153213,2000000,243600,,
11-Aug-2025,61430,,,,153213,2000000,243600,,
12-Aug-2025,61599,,,,154088,2000000,243600,,
13-Aug-2025,61722,,,,154525,2000000,243600,,
14-Aug-2025,61722,,,,154525,2000000,243600,,
15-Aug-2025,61722,,,,154525,2000000,243600,,
16-Aug-2025,61722,,,,154525,2000000,243600,,
17-Aug-2025,61944,,,,155886,2000000,243600,,
18-Aug-2025,61944,,,,155886,2000000,243600,,
19-Aug-2025,61944,,,,155886,2000000,243600,,
20-Aug-2025,61944,,,,155886,2000000,243600,,
21-Aug-2025,61944,,,,155886,2000000,243600,,
22-Aug-2025,61944,,,,155886,2000000,243600,,
23-Aug-2025,62622,,,,157673,2000000,243600,,
24-Aug-2025,62622,,,,157673,2000000,243600,,
25-Aug-2025,62744,,,,158259,2000000,243600,,
26-Aug-2025,62744,,,,158259,2000000,243600,,
27-Aug-2025,62744,,,,158259,2000000,243600,,
28-Aug-2025,62744,,,,158259,2000000,243600,,
29-Aug-2025,62744,,,,158259,2000000,243600,,
30-Aug-2025,63371,,,,159835,2000000,243600,,
31-Aug-2025,63371,,,,159835,2000000,243600,,
1-Sep-2025,63371,,,,159835,2000000,243600,,
2-Sep-2025,63371,,,,159835,2000000,243600,,
3-Sep-2025,63371,,,,159835,2000000,243600,,
4-Sep-2025,63371,,,,159835,2000000,243600,,
5-Sep-2025,63371,,,,159835,2000000,243600,,
6-Sep-2025,64368,,,,162367,2000000,243600,,
7-Sep-2025,64455,,,,162776,2000000,243600,,
8-Sep-2025,64455,,,,162776,2000000,243600,,
9-Sep-2025,64605,,,,163319,2000000,243600,,
10-Sep-2025,64605,,,,163319,2000000,243600,,
11-Sep-2025,64605,,,,163319,2000000,243600,,
12-Sep-2025,64605,,,,163319,2000000,243600,,
13-Sep-2025,64803,,,,164264,2000000,243600,,
14-Sep-2025,64803,,,,164264,2000000,243600,,
15-Sep-2025,64803,,,,164264,2000000,243600,,
16-Sep-2025,64964,,,,165312,2000000,243600,,
17-Sep-2025,64964,,,,165312,2000000,243600,,
18-Sep-2025,64964,,,,165312,2000000,243600,,
19-Sep-2025,64964,,,,165312,2000000,243600,,
20-Sep-2025,65208,,,,166271,2000000,243600,,
21-Sep-2025,65283,,,,166575,2000000,243600,,
22-Sep-2025,65344,,,,166795,2000000,243600,,
23-Sep-2025,65382,,,,166985,2000000,243600,,
24-Sep-2025,65382,,,,166985,2000000,243600,,
25-Sep-2025,65382,,,,166985,2000000,243600,,
26-Sep-2025,65382,,,,166985,2000000,243600,,
27-Sep-2025,65926,,,,167783,2000000,243600,,
28-Sep-2025,65926,,,,167783,2000000,243600,,
29-Sep-2025,65926,,,,167783,2000000,243600,,
30-Sep-2025,66097,,,,168536,2000000,243600,,
1-Oct-2025,66148,,,,168716,2000000,243600,,
2-Oct-2025,66225,,,,168938,2000000,243600,,
3-Oct-2025,66288,,,,169165,2000000,243600,,
4-Oct-2025,67074,,,,169430,2000000,243600,,
5-Oct-2025,67074,,,,169430,2000000,243600,,
6-Oct-2025,67160,,,,169679,2000000,243600,,
7-Oct-2025,67173,,,,169780,2000000,243600,,
8-Oct-2025,67183,,,,169841,2000000,243600,,
9-Oct-2025,67194,,,,169890,2000000,243600,,
10-Oct-2025,67211,,,,169961,2000000,243600,,
11-Oct-2025,67682,,,,170033,2000000,243600,,
12-Oct-2025,67806,,,,170066,2000000,243600,,
13-Oct-2025,67869,,,,170105,2000000,243600,,
14-Oct-2025,67913,,,,170134,2000000,243600,,
15-Oct-2025,67938,,,,170169,2000000,243600,,
16-Oct-2025,67967,,,,170179,2000000,243600,,
17-Oct-2025,67967,,,,170179,2000000,243600,,
18-Oct-2025,68116,,,,170200,2000000,243600,,
19-Oct-2025,68159,,,,170203,2000000,243600,,
20-Oct-2025,68216,,,,170361,2000000,243600,,
21-Oct-2025,68229,,,,170369,2000000,243600,,
22-Oct-2025,68234,,,,170373,2000000,243600,,
23-Oct-2025,68280,,,,170375,2000000,243600,,
24-Oct-2025,68280,,,,170375,2000000,243600,,
25-Oct-2025,68519,,,,170382,2000000,243600,,
26-Oct-2025,68519,,,,170382,2000000,243600,,
27-Oct-2025,68527,,,,170395,2000000,243600,,
28-Oct-2025,68531,,,,170402,2000000,243600,,
29-Oct-2025,68643,,,,170655,2000000,243600,,
30-Oct-2025,68643,,,,170655,2000000,243600,,
31-Oct-2025,68643,,,,170655,2000000,243600,,
1-Nov-2025,68858,,,,170664,2000000,243600,,
2-Nov-2025,68865,,,,170670,2000000,243600,,
3-Nov-2025,68865,,,,170670,2000000,243600,,
4-Nov-2025,68872,,,,170677,2000000,243600,,
5-Nov-2025,68875,,,,170679,2000000,243600,,
6-Nov-2025,68875,,,,170679,2000000,243600,,
7-Nov-2025,68875,,,,170679,2000000,243600,,
8-Nov-2025,69169,,,,170685,2000000,243600,,
9-Nov-2025,69176,,,,170690,2000000,243600,,
10-Nov-2025,69179,,,,170693,2000000,243600,,
11-Nov-2025,69182,,,,170694,2000000,243600,,
12-Nov-2025,69185,,,,170698,2000000,243600,,
13-Nov-2025,69187,,,,170703,2000000,243600,,
14-Nov-2025,69187,,,,170703,2000000,243600,,
15-Nov-2025,69187,,,,170703,2000000,243600,,
16-Nov-2025,69483,,,,170706,2000000,243600,,
17-Nov-2025,69483,,,,170706,2000000,243600,,
18-Nov-2025,69483,,,,170706,2000000,243600,,
19-Nov-2025,69513,,,,170745,2000000,243600,,
20-Nov-2025,69546,,,,170833,2000000,243600,,
21-Nov-2025,69546,,,,170833,2000000,243600,,
22-Nov-2025,69733,,,,170863,2000000,243600,,
23-Nov-2025,69756,,,,170946,2000000,243600,,
24-Nov-2025,69756,,,,170946,2000000,243600,,
25-Nov-2025,69775,,,,170965,2000000,243600,,
26-Nov-2025,69785,,,,170965,2000000,243600,,
27-Nov-2025,69799,,,,170972,2000000,243600,,
28-Nov-2025,69799,,,,170972,2000000,243600,,
29-Nov-2025,70100,,,,170983,2000000,243600,,
30-Nov-2025,70103,,,,170985,2000000,243600,,
1-Dec-2025,70112,,,,170986,2000000,243600,,
2-Dec-2025,70112,,,,170986,2000000,243600,,
3-Dec-2025,70117,,,,170999,2000000,243600,,
4-Dec-2025,70125,,,,171015,2000000,243600,,
5-Dec-2025,70354,,,,171030,2000000,243600,,
6-Dec-2025,70354,,,,171030,2000000,243600,,
7-Dec-2025,70360,,,,171047,2000000,243600,,
8-Dec-2025,70365,,,,171058,2000000,243600,,
9-Dec-2025,70366,,,,171064,2000000,243600,,
10-Dec-2025,70369,,,,171069,2000000,243600,,
11-Dec-2025,70373,,,,171079,2000000,243600,,
12-Dec-2025,70373,,,,171079,2000000,243600,,
13-Dec-2025,70373,,,,171079,2000000,243600,,
14-Dec-2025,70663,,,,171139,2000000,243600,,
15-Dec-2025,70665,,,,171145,2000000,243600,,
16-Dec-2025,70667,,,,171151,2000000,243600,,
17-Dec-2025,70668,,,,171152,2000000,243600,,
18-Dec-2025,70669,,,,171165,2000000,243600,,
19-Dec-2025,70669,,,,171165,2000000,243600,,
20-Dec-2025,70925,,,,171185,2000000,243600,,
21-Dec-2025,70925,,,,171185,2000000,243600,,
22-Dec-2025,70937,,,,171192,2000000,243600,,
23-Dec-2025,70942,,,,171195,2000000,243600,,
24-Dec-2025,70942,,,,171195,2000000,243600,,
25-Dec-2025,70942,,,,171195,2000000,243600,,
26-Dec-2025,70942,,,,171195,2000000,243600,,
27-Dec-2025,71266,,,,171219,2000000,243600,,
28-Dec-2025,71266,,,,171219,2000000,243600,,
29-Dec-2025,71266,,,,171222,2000000,243600,,
